<?xml version="1.0" encoding="iso-8859-1"?>
<sspaceex xmlns="http://www-verimag.imag.fr/xml-namespaces/sspaceex" version="0.2" math="SpaceEx">
  <component id="Controlled_Heli">
    <param name="x1" type="real" local="false" d1="1" d2="1" dynamics="any" />
    <param name="x2" type="real" local="false" d1="1" d2="1" dynamics="any" />
    <param name="x3" type="real" local="false" d1="1" d2="1" dynamics="any" />
    <param name="x4" type="real" local="false" d1="1" d2="1" dynamics="any" />
    <param name="x5" type="real" local="false" d1="1" d2="1" dynamics="any" />
    <param name="x6" type="real" local="false" d1="1" d2="1" dynamics="any" />
    <param name="x7" type="real" local="false" d1="1" d2="1" dynamics="any" />
    <param name="x8" type="real" local="false" d1="1" d2="1" dynamics="any" />
    <param name="x9" type="real" local="false" d1="1" d2="1" dynamics="any" />
    <param name="x10" type="real" local="false" d1="1" d2="1" dynamics="any" />
    <param name="x11" type="real" local="false" d1="1" d2="1" dynamics="any" />
    <param name="x12" type="real" local="false" d1="1" d2="1" dynamics="any" />
    <param name="x13" type="real" local="false" d1="1" d2="1" dynamics="any" />
    <param name="x14" type="real" local="false" d1="1" d2="1" dynamics="any" />
    <param name="x15" type="real" local="false" d1="1" d2="1" dynamics="any" />
    <param name="x16" type="real" local="false" d1="1" d2="1" dynamics="any" />
    <param name="x17" type="real" local="false" d1="1" d2="1" dynamics="any" />
    <param name="x18" type="real" local="false" d1="1" d2="1" dynamics="any" />
    <param name="x19" type="real" local="false" d1="1" d2="1" dynamics="any" />
    <param name="x20" type="real" local="false" d1="1" d2="1" dynamics="any" />
    <param name="x21" type="real" local="false" d1="1" d2="1" dynamics="any" />
    <param name="x22" type="real" local="false" d1="1" d2="1" dynamics="any" />
    <param name="x23" type="real" local="false" d1="1" d2="1" dynamics="any" />
    <param name="x24" type="real" local="false" d1="1" d2="1" dynamics="any" />
    <param name="x25" type="real" local="false" d1="1" d2="1" dynamics="any" />
    <param name="x26" type="real" local="false" d1="1" d2="1" dynamics="any" />
    <param name="x27" type="real" local="false" d1="1" d2="1" dynamics="any" />
    <param name="x28" type="real" local="false" d1="1" d2="1" dynamics="any" />
    <param name="u1" type="real" local="false" d1="1" d2="1" dynamics="const" />
    <param name="u2" type="real" local="false" d1="1" d2="1" dynamics="const" />
    <param name="u3" type="real" local="false" d1="1" d2="1" dynamics="const" />
    <param name="u4" type="real" local="false" d1="1" d2="1" dynamics="const" />
    <param name="u5" type="real" local="false" d1="1" d2="1" dynamics="const" />
    <param name="u6" type="real" local="false" d1="1" d2="1" dynamics="const" />
    <location id="1" name="idle" x="173.0" y="121.0">
      <flow>x1' == (0.000000000000) *x1 + (0.000000000000) *x2 + (0.000000000000) *x3 + (0.998573780060) *x4 + (0.053384274244) *x5 + (0.000000000000) *x6 + (0.000000000000) *x7 + (0.000000000000) *x8 + (0.000000000000) *x9 + (0.000000000000) *x10 + (0.000000000000) *x11 + (0.000000000000) *x12 + (0.000000000000) *x13 + (0.000000000000) *x14 + (0.000000000000) *x15 + (0.000000000000) *x16 + (0.000000000000) *x17 + (0.000000000000) *x18 + (0.000000000000) *x19 + (0.000000000000) *x20 + (0.000000000000) *x21 + (0.000000000000) *x22 + (0.000000000000) *x23 + (0.000000000000) *x24 + (0.000000000000) *x25 + (0.000000000000) *x26 + (0.000000000000) *x27 + (0.000000000000) *x28 + (0.000000000000) *u1 + (0.000000000000) *u2 + (0.000000000000) *u3 + (0.000000000000) *u4 + (0.000000000000) *u5 + (0.000000000000) *u6 &amp; 
x2' == (0.000000000000) *x1 + (0.000000000000) *x2 + (1.000000000000) *x3 + (-0.003182219341) *x4 + (0.059524655342) *x5 + (0.000000000000) *x6 + (0.000000000000) *x7 + (0.000000000000) *x8 + (0.000000000000) *x9 + (0.000000000000) *x10 + (0.000000000000) *x11 + (0.000000000000) *x12 + (0.000000000000) *x13 + (0.000000000000) *x14 + (0.000000000000) *x15 + (0.000000000000) *x16 + (0.000000000000) *x17 + (0.000000000000) *x18 + (0.000000000000) *x19 + (0.000000000000) *x20 + (0.000000000000) *x21 + (0.000000000000) *x22 + (0.000000000000) *x23 + (0.000000000000) *x24 + (0.000000000000) *x25 + (0.000000000000) *x26 + (0.000000000000) *x27 + (0.000000000000) *x28 + (0.000000000000) *u1 + (0.000000000000) *u2 + (0.000000000000) *u3 + (0.000000000000) *u4 + (0.000000000000) *u5 + (0.000000000000) *u6 &amp; 
x3' == (0.000000000000) *x1 + (0.000000000000) *x2 + (-11.570495605469) *x3 + (-2.544637680054) *x4 + (-0.063602626324) *x5 + (0.106780529022) *x6 + (-0.094918668270) *x7 + (0.007107574493) *x8 + (-5.208179213410) *x9 + (-23.125876742495) *x10 + (-4.246931301528) *x11 + (-0.710743697134) *x12 + (-1.486697327603) *x13 + (-0.044548215175) *x14 + (0.034366378170) *x15 + (0.022990248611) *x16 + (0.580153205353) *x17 + (1.047552018229) *x18 + (11.265023544535) *x19 + (2.622275290571) *x20 + (0.382949404795) *x21 + (0.453076470454) *x22 + (0.022651889536) *x23 + (0.012533628369) *x24 + (0.108399390974) *x25 + (-0.160139432044) *x26 + (-6.115359574845) *x27 + (-0.038972389136) *x28 + (0.000000000000) *u1 + (0.000000000000) *u2 + (0.000000000000) *u3 + (0.000000000000) *u4 + (0.000000000000) *u5 + (0.000000000000) *u6 &amp; 
x4' == (0.000000000000) *x1 + (0.000000000000) *x2 + (0.439356565475) *x3 + (-1.998182296753) *x4 + (0.000000000000) *x5 + (0.016651883721) *x6 + (0.018462046981) *x7 + (-0.001187470742) *x8 + (-10.778778281386) *x9 + (0.343052863546) *x10 + (-0.034949331535) *x11 + (-3.466737362551) *x12 + (0.013415853489) *x13 + (-0.006501746896) *x14 + (-0.007248032248) *x15 + (-0.004835912875) *x16 + (-0.152495086764) *x17 + (2.039150528390) *x18 + (-0.169614300211) *x19 + (-0.279125393264) *x20 + (-0.003678218266) *x21 + (-0.001679708185) *x22 + (0.050812027754) *x23 + (0.043273505033) *x24 + (-0.062305315646) *x25 + (0.979162836629) *x26 + (0.040401368402) *x27 + (0.010697028656) *x28 + (0.000000000000) *u1 + (0.000000000000) *u2 + (0.000000000000) *u3 + (0.000000000000) *u4 + (0.000000000000) *u5 + (0.000000000000) *u6 &amp; 
x5' == (0.000000000000) *x1 + (0.000000000000) *x2 + (-2.040895462036) *x3 + (-0.458999156952) *x4 + (-0.735027790070) *x5 + (0.019255757332) *x6 + (-0.004595622420) *x7 + (0.002120360732) *x8 + (-1.064329323860) *x9 + (-3.659159530947) *x10 + (-0.493546966858) *x11 + (-0.059561101143) *x12 + (-1.953512259413) *x13 + (-0.010939065041) *x14 + (-0.000271004496) *x15 + (0.050563886711) *x16 + (1.588339544950) *x17 + (0.219923768171) *x18 + (1.821923233098) *x19 + (2.693190566330) *x20 + (0.068619628466) *x21 + (0.086310028398) *x22 + (0.002415425662) *x23 + (0.000727041422) *x24 + (0.640963888079) *x25 + (-0.023016712545) *x26 + (-1.069845542887) *x27 + (-0.596675149197) *x28 + (0.000000000000) *u1 + (0.000000000000) *u2 + (0.000000000000) *u3 + (0.000000000000) *u4 + (0.000000000000) *u5 + (0.000000000000) *u6 &amp; 
x6' == (-32.103607177734) *x1 + (0.000000000000) *x2 + (-0.503355026245) *x3 + (2.297859191895) *x4 + (0.000000000000) *x5 + (-0.021215811372) *x6 + (-0.021167919040) *x7 + (0.015811592340) *x8 + (12.459167829840) *x9 + (-0.353636907076) *x10 + (0.064136531117) *x11 + (4.035326800046) *x12 + (-0.272152744884) *x13 + (0.000999589868) *x14 + (0.002529691904) *x15 + (0.111632959213) *x16 + (2.736421830861) *x17 + (-2.354540136198) *x18 + (0.175216915979) *x19 + (0.863081712870) *x20 + (0.004401276193) *x21 + (0.004373406589) *x22 + (-0.059795009475) *x23 + (-0.051005479746) *x24 + (0.609531777761) *x25 + (-1.115782978800) *x26 + (-0.026305051933) *x27 + (-0.033738880627) *x28 + (0.000000000000) *u1 + (0.000000000000) *u2 + (0.000000000000) *u3 + (0.000000000000) *u4 + (0.000000000000) *u5 + (0.000000000000) *u6 &amp; 
x7' == (0.102161169052) *x1 + (32.057830810547) *x2 + (-2.347217559814) *x3 + (-0.503611564636) *x4 + (0.834947586060) *x5 + (0.021226570010) *x6 + (-0.037879735231) *x7 + (0.000354003860) *x8 + (-0.761479736492) *x9 + (-5.129334105880) *x10 + (-1.131382179292) *x11 + (-0.148788337148) *x12 + (1.380741054924) *x13 + (-0.012931029503) *x14 + (0.007645723855) *x15 + (0.073796656681) *x16 + (1.361745395486) *x17 + (0.150700793731) *x18 + (2.452437244444) *x19 + (-1.448839192980) *x20 + (0.076516270282) *x21 + (0.087122640348) *x22 + (0.004623192159) *x23 + (0.002635233443) *x24 + (-0.079401941141) *x25 + (-0.031023369979) *x26 + (-1.225533436977) *x27 + (0.657926151362) *x28 + (0.000000000000) *u1 + (0.000000000000) *u2 + (0.000000000000) *u3 + (0.000000000000) *u4 + (0.000000000000) *u5 + (0.000000000000) *u6 &amp; 
x8' == (-1.910972595215) *x1 + (1.713829040527) *x2 + (-0.004005432129) *x3 + (-0.057411193848) *x4 + (0.000000000000) *x5 + (0.013989634812) *x6 + (-0.000906753354) *x7 + (-0.290513515472) *x8 + (-2.060635522957) *x9 + (-0.774845915178) *x10 + (-0.471751979387) *x11 + (-1.213891560083) *x12 + (5.030515136324) *x13 + (0.126407660877) *x14 + (0.113188603433) *x15 + (-2.078420624662) *x16 + (-50.185233123580) *x17 + (0.340665548784) *x18 + (0.375863242926) *x19 + (-10.641168797333) *x20 + (-0.003634153255) *x21 + (-0.047962774317) *x22 + (0.030509705209) *x23 + (0.027584169642) *x24 + (-10.542357589006) *x25 + (-0.126840767097) *x26 + (-0.391839285172) *x27 + (0.420788121692) *x28 + (0.000000000000) *u1 + (0.000000000000) *u2 + (0.000000000000) *u3 + (0.000000000000) *u4 + (0.000000000000) *u5 + (0.000000000000) *u6 &amp; 
x9' == (0.126296110212) *x1 + (-0.002898250629) *x2 + (-0.319316070797) *x3 + (0.785201711657) *x4 + (0.001772374259) *x5 + (0.000005843720) *x6 + (0.000005233812) *x7 + (-0.000097899495) *x8 + (-0.072611454126) *x9 + (0.001666291957) *x10 + (0.195701043078) *x11 + (0.517339177294) *x12 + (0.052365282670) *x13 + (-0.000003359731) *x14 + (-0.000003009077) *x15 + (0.000056285381) *x16 + (-0.000000000000) *x17 + (-0.000000000000) *x18 + (-0.000000000000) *x19 + (-0.000000000000) *x20 + (-0.000000000000) *x21 + (0.000000000000) *x22 + (-0.000000000000) *x23 + (0.000000000000) *x24 + (0.000000000000) *x25 + (0.000000000000) *x26 + (0.000000000000) *x27 + (0.000000000000) *x28 + (-0.000098213779) *u1 + (-0.126296110212) *u2 + (0.002898250629) *u3 + (-0.001772374259) *u4 + (0.319316070797) *u5 + (-0.785296498232) *u6 &amp; 
x10' == (-0.018114066432) *x1 + (0.077615035084) *x2 + (0.710897211118) *x3 + (2.454275059389) *x4 + (-0.012792968774) *x5 + (0.000040510624) *x6 + (0.000036282541) *x7 + (-0.000678672106) *x8 + (0.010414324729) *x9 + (-0.044623231468) *x10 + (0.564308412696) *x11 + (-1.507321670112) *x12 + (0.066879720068) *x13 + (-0.000023290783) *x14 + (-0.000020859930) *x15 + (0.000390189123) *x16 + (0.000000000000) *x17 + (0.000000000000) *x18 + (-0.000000000000) *x19 + (-0.000000000000) *x20 + (-0.000000000000) *x21 + (0.000000000000) *x22 + (-0.000000000000) *x23 + (0.000000000000) *x24 + (0.000000000000) *x25 + (0.000000000000) *x26 + (0.000000000000) *x27 + (0.000000000000) *x28 + (-0.000680850829) *u1 + (0.018114066432) *u2 + (-0.077615035084) *u3 + (0.012792968774) *u4 + (-0.710897211118) *u5 + (-2.453590891419) *u6 &amp; 
x11' == (-0.019957254425) *x1 + (0.007108972111) *x2 + (122.639137999354) *x3 + (1.791704310155) *x4 + (0.138329792976) *x5 + (0.000000726169) *x6 + (0.000000650379) *x7 + (-0.000012165459) *x8 + (-8.481152717711) *x9 + (-37.713895394132) *x10 + (-93.658221074435) *x11 + (-4.801972165378) *x12 + (-2.567389718833) *x13 + (0.034138340146) *x14 + (-0.038880106034) *x15 + (0.044603217363) *x16 + (0.946016722396) *x17 + (1.708172458034) *x18 + (18.369114490772) *x19 + (4.275967542224) *x20 + (0.624449778826) *x21 + (0.738801257357) *x22 + (0.036936909247) *x23 + (0.020437742859) *x24 + (0.176759579388) *x25 + (-0.261128576436) *x26 + (-9.971904607075) *x27 + (-0.063549647738) *x28 + (-0.000012204514) *u1 + (0.019957254425) *u2 + (-0.007108972111) *u3 + (-0.138329792976) *u4 + (-122.639137999354) *u5 + (-1.799102187483) *u6 &amp; 
x12' == (0.007852964982) *x1 + (0.003925745426) *x2 + (0.287856349997) *x3 + (58.053471054491) *x4 + (0.030698062827) *x5 + (-0.000006837601) *x6 + (-0.000006123962) *x7 + (0.000114549925) *x8 + (-17.580742026275) *x9 + (0.557136148740) *x10 + (0.205946900184) *x11 + (-43.230778067404) *x12 + (0.004227082975) *x13 + (0.006053854501) *x14 + (0.006646690253) *x15 + (-0.009138926083) *x16 + (-0.248663457912) *x17 + (3.325105302428) *x18 + (-0.276578605231) *x19 + (-0.455150962257) *x20 + (-0.005997822569) *x21 + (-0.002738986905) *x22 + (0.082855748293) *x23 + (0.070563187482) *x24 + (-0.101597078067) *x25 + (1.596654829885) *x26 + (0.065879787896) *x27 + (0.017442923517) *x28 + (0.000114917662) *u1 + (-0.007852964982) *u2 + (-0.003925745426) *u3 + (-0.030698062827) *u4 + (-0.287856349997) *u5 + (-58.055112786891) *u6 &amp; 
x13' == (0.011497315687) *x1 + (-0.012583019909) *x2 + (13.848373855148) *x3 + (22.288815172160) *x4 + (0.042287331657) *x5 + (0.000197558695) *x6 + (0.000176939544) *x7 + (-0.003309689199) *x8 + (-1.742140233901) *x9 + (-5.959510415282) *x10 + (-11.333020298294) *x11 + (-14.216479234895) *x12 + (-3.944800806497) *x13 + (0.001304578929) *x14 + (-0.005139259078) *x15 + (0.086474322590) *x16 + (2.589998222025) *x17 + (0.358614863147) *x18 + (2.970887395829) *x19 + (4.391604301830) *x20 + (0.111893402319) *x21 + (0.140739944934) *x22 + (0.003938671797) *x23 + (0.001185537435) *x24 + (1.045176603318) *x25 + (-0.037531801533) *x26 + (-1.744525005833) *x27 + (-0.972957942438) *x28 + (-0.003320314205) *u1 + (-0.011497315687) *u2 + (0.012583019909) *u3 + (-0.042287331657) *u4 + (-13.848373855148) *u5 + (-22.291076698657) *u6 &amp; 
x14' == (-16.939142002537) *x1 + (0.618053512295) *x2 + (107.920891904140) *x3 + (204.524147386814) *x4 + (0.204407545189) *x5 + (0.004742101706) *x6 + (0.004247169746) *x7 + (-0.079444150933) *x8 + (-2.048456967261) *x9 + (-0.931989524708) *x10 + (-66.540858220883) *x11 + (-116.470289129818) *x12 + (-0.561301215495) *x13 + (-0.022312225275) *x14 + (-0.019484747345) *x15 + (0.243518778973) *x16 + (4.462098610572) *x17 + (-3.839389874682) *x18 + (0.285714413078) *x19 + (1.407369166690) *x20 + (0.007176864388) *x21 + (0.007131419303) *x22 + (-0.097503691021) *x23 + (-0.083171197416) *x24 + (0.993922379938) *x25 + (-1.819432085819) *x26 + (-0.042893874898) *x27 + (-0.055015718216) *x28 + (-0.079699188335) *u1 + (16.939142002537) *u2 + (-0.618053512295) *u3 + (-0.204407545189) *u4 + (-107.920891904140) *u5 + (-204.535079102330) *u6 &amp; 
x15' == (-0.542809857455) *x1 + (7.081822285872) *x2 + (-135.012404429101) *x3 + (460.929268260027) *x4 + (0.036498617908) *x5 + (0.006937238413) *x6 + (0.006213200589) *x7 + (-0.116219147061) *x8 + (-0.827454697348) *x9 + (19.622217613195) *x10 + (78.553728334274) *x11 + (-283.238627658880) *x12 + (3.065444785639) *x13 + (-0.003847616297) *x14 + (-0.028984525722) *x15 + (0.187507140282) *x16 + (2.220506417769) *x17 + (0.245737625222) *x18 + (3.999024089610) *x19 + (-2.362524402134) *x20 + (0.124769923797) *x21 + (0.142065016461) *x22 + (0.007538727793) *x23 + (0.004297097528) *x24 + (-0.129475392736) *x25 + (-0.050587718062) *x26 + (-1.998394759416) *x27 + (1.072835822585) *x28 + (-0.116592242237) *u1 + (0.542809857455) *u2 + (-7.081822285872) *u3 + (-0.036498617908) *u4 + (135.012404429101) *u5 + (-460.931220206113) *u6 &amp; 
x16' == (-1.286456393795) *x1 + (0.142279456389) *x2 + (-1.265748910581) *x3 + (65.743060277380) *x4 + (-1.320702989799) *x5 + (-0.061855995532) *x6 + (-0.055400100872) *x7 + (1.036269854556) *x8 + (-4.531489334771) *x9 + (0.368539277612) *x10 + (0.002487097952) *x11 + (-42.326462719738) *x12 + (8.962234012380) *x13 + (0.255676968878) *x14 + (0.215513465742) *x15 + (-4.275436802385) *x16 + (-81.833676543035) *x17 + (0.555500345288) *x18 + (0.612894852362) *x19 + (-17.351836610113) *x20 + (-0.005925968725) *x21 + (-0.078209662789) *x22 + (0.049750119549) *x23 + (0.044979645917) *x24 + (-17.190711833803) *x25 + (-0.206830688253) *x26 + (-0.638945907467) *x27 + (0.686150823668) *x28 + (1.039596563559) *u1 + (1.286456393795) *u2 + (-0.142279456389) *u3 + (1.320702989799) *u4 + (1.265748910581) *u5 + (-65.672429081486) *u6 &amp; 
x17' == (0.000000000000) *x1 + (0.000000000000) *x2 + (0.000000000000) *x3 + (0.000000000000) *x4 + (0.000000000000) *x5 + (-0.009702263896) *x6 + (-0.008689641059) *x7 + (0.162541456323) *x8 + (0.000000000000) *x9 + (0.000000000000) *x10 + (0.000000000000) *x11 + (0.000000000000) *x12 + (0.000000000000) *x13 + (0.000000000000) *x14 + (0.000000000000) *x15 + (0.000000000000) *x16 + (-0.012000000000) *x17 + (0.000000000000) *x18 + (0.000000000000) *x19 + (0.000000000000) *x20 + (0.000000000000) *x21 + (0.000000000000) *x22 + (0.000000000000) *x23 + (0.000000000000) *x24 + (0.000000000000) *x25 + (0.000000000000) *x26 + (0.000000000000) *x27 + (0.000000000000) *x28 + (0.163063258751) *u1 + (0.000000000000) *u2 + (0.000000000000) *u3 + (0.000000000000) *u4 + (0.000000000000) *u5 + (0.000000000000) *u6 &amp; 
x18' == (-8.153162937544) *x1 + (0.000000000000) *x2 + (0.000000000000) *x3 + (0.000000000000) *x4 + (0.000000000000) *x5 + (0.000000000000) *x6 + (0.000000000000) *x7 + (0.000000000000) *x8 + (0.000000000000) *x9 + (0.000000000000) *x10 + (0.000000000000) *x11 + (0.000000000000) *x12 + (0.000000000000) *x13 + (0.000000000000) *x14 + (0.000000000000) *x15 + (0.000000000000) *x16 + (0.000000000000) *x17 + (-0.005000000000) *x18 + (0.000000000000) *x19 + (0.000000000000) *x20 + (0.000000000000) *x21 + (0.000000000000) *x22 + (0.000000000000) *x23 + (0.000000000000) *x24 + (0.000000000000) *x25 + (0.000000000000) *x26 + (0.000000000000) *x27 + (0.000000000000) *x28 + (0.000000000000) *u1 + (8.153162937544) *u2 + (0.000000000000) *u3 + (0.000000000000) *u4 + (0.000000000000) *u5 + (0.000000000000) *u6 &amp; 
x19' == (0.000000000000) *x1 + (-3.261265175018) *x2 + (0.000000000000) *x3 + (0.000000000000) *x4 + (0.000000000000) *x5 + (0.000000000000) *x6 + (0.000000000000) *x7 + (0.000000000000) *x8 + (0.000000000000) *x9 + (0.000000000000) *x10 + (0.000000000000) *x11 + (0.000000000000) *x12 + (0.000000000000) *x13 + (0.000000000000) *x14 + (0.000000000000) *x15 + (0.000000000000) *x16 + (0.000000000000) *x17 + (0.000000000000) *x18 + (-0.005000000000) *x19 + (0.000000000000) *x20 + (0.000000000000) *x21 + (0.000000000000) *x22 + (0.000000000000) *x23 + (0.000000000000) *x24 + (0.000000000000) *x25 + (0.000000000000) *x26 + (0.000000000000) *x27 + (0.000000000000) *x28 + (0.000000000000) *u1 + (0.000000000000) *u2 + (3.261265175018) *u3 + (0.000000000000) *u4 + (0.000000000000) *u5 + (0.000000000000) *u6 &amp; 
x20' == (0.000000000000) *x1 + (0.000000000000) *x2 + (0.000000000000) *x3 + (0.174412461560) *x4 + (-3.261265175018) *x5 + (0.000000000000) *x6 + (0.000000000000) *x7 + (0.000000000000) *x8 + (0.000000000000) *x9 + (0.000000000000) *x10 + (0.000000000000) *x11 + (0.000000000000) *x12 + (0.000000000000) *x13 + (0.000000000000) *x14 + (0.000000000000) *x15 + (0.000000000000) *x16 + (0.000000000000) *x17 + (0.000000000000) *x18 + (0.000000000000) *x19 + (-0.010000000000) *x20 + (0.000000000000) *x21 + (0.000000000000) *x22 + (0.000000000000) *x23 + (0.000000000000) *x24 + (0.000000000000) *x25 + (0.000000000000) *x26 + (0.000000000000) *x27 + (0.000000000000) *x28 + (0.000000000000) *u1 + (0.000000000000) *u2 + (0.000000000000) *u3 + (3.261265175018) *u4 + (0.000000000000) *u5 + (0.000000000000) *u6 &amp; 
x21' == (-0.000000000000) *x1 + (0.000000000000) *x2 + (-3.261265175018) *x3 + (-0.000000000000) *x4 + (-0.000000000000) *x5 + (-0.000000000000) *x6 + (-0.000000000000) *x7 + (0.000000000000) *x8 + (0.000000000000) *x9 + (-0.000000000000) *x10 + (-0.000000000000) *x11 + (0.000000000000) *x12 + (0.000000000000) *x13 + (0.000000000000) *x14 + (0.000000000000) *x15 + (-0.000000000000) *x16 + (0.000000000000) *x17 + (0.000000000000) *x18 + (0.000000000000) *x19 + (-0.000000000000) *x20 + (-8.500000000000) *x21 + (-18.000000000000) *x22 + (0.000000000000) *x23 + (0.000000000000) *x24 + (0.000000000000) *x25 + (0.000000000000) *x26 + (0.000000000000) *x27 + (0.000000000000) *x28 + (0.000000000000) *u1 + (0.000000000000) *u2 + (-0.000000000000) *u3 + (0.000000000000) *u4 + (3.261265175018) *u5 + (0.000000000000) *u6 &amp; 
x22' == (0.000000000000) *x1 + (0.000000000000) *x2 + (-0.000000000000) *x3 + (-0.000000000000) *x4 + (0.000000000000) *x5 + (-0.000000000000) *x6 + (-0.000000000000) *x7 + (0.000000000000) *x8 + (-0.000000000000) *x9 + (0.000000000000) *x10 + (0.000000000000) *x11 + (0.000000000000) *x12 + (0.000000000000) *x13 + (0.000000000000) *x14 + (0.000000000000) *x15 + (-0.000000000000) *x16 + (-0.000000000000) *x17 + (-0.000000000000) *x18 + (-0.000000000000) *x19 + (-0.000000000000) *x20 + (1.000000000000) *x21 + (0.000000000000) *x22 + (0.000000000000) *x23 + (0.000000000000) *x24 + (0.000000000000) *x25 + (0.000000000000) *x26 + (0.000000000000) *x27 + (0.000000000000) *x28 + (0.000000000000) *u1 + (-0.000000000000) *u2 + (-0.000000000000) *u3 + (-0.000000000000) *u4 + (0.000000000000) *u5 + (0.000000000000) *u6 &amp; 
x23' == (-0.000000000000) *x1 + (0.000000000000) *x2 + (0.000000000000) *x3 + (-8.153162937544) *x4 + (-0.000000000000) *x5 + (-0.000000000000) *x6 + (-0.000000000000) *x7 + (0.000000000000) *x8 + (0.000000000000) *x9 + (0.000000000000) *x10 + (-0.000000000000) *x11 + (0.000000000000) *x12 + (0.000000000000) *x13 + (0.000000000000) *x14 + (0.000000000000) *x15 + (-0.000000000000) *x16 + (-0.000000000000) *x17 + (0.000000000000) *x18 + (-0.000000000000) *x19 + (0.000000000000) *x20 + (-0.000000000000) *x21 + (0.000000000000) *x22 + (-8.500000000000) *x23 + (-18.000000000000) *x24 + (0.000000000000) *x25 + (0.000000000000) *x26 + (0.000000000000) *x27 + (0.000000000000) *x28 + (0.000000000000) *u1 + (0.000000000000) *u2 + (-0.000000000000) *u3 + (0.000000000000) *u4 + (-0.000000000000) *u5 + (8.153162937544) *u6 &amp; 
x24' == (0.000000000000) *x1 + (0.000000000000) *x2 + (-0.000000000000) *x3 + (-0.000000000000) *x4 + (0.000000000000) *x5 + (-0.000000000000) *x6 + (-0.000000000000) *x7 + (0.000000000000) *x8 + (-0.000000000000) *x9 + (0.000000000000) *x10 + (0.000000000000) *x11 + (0.000000000000) *x12 + (0.000000000000) *x13 + (0.000000000000) *x14 + (0.000000000000) *x15 + (-0.000000000000) *x16 + (0.000000000000) *x17 + (-0.000000000000) *x18 + (-0.000000000000) *x19 + (-0.000000000000) *x20 + (-0.000000000000) *x21 + (0.000000000000) *x22 + (1.000000000000) *x23 + (0.000000000000) *x24 + (0.000000000000) *x25 + (0.000000000000) *x26 + (0.000000000000) *x27 + (0.000000000000) *x28 + (0.000000000000) *u1 + (-0.000000000000) *u2 + (-0.000000000000) *u3 + (-0.000000000000) *u4 + (0.000000000000) *u5 + (0.000000000000) *u6 &amp; 
x25' == (0.000000000000) *x1 + (0.000000000000) *x2 + (0.000000000000) *x3 + (0.000000000000) *x4 + (0.000000000000) *x5 + (0.000000000000) *x6 + (0.000000000000) *x7 + (0.000000000000) *x8 + (0.699960862226) *x9 + (0.262038222227) *x10 + (0.159589891262) *x11 + (0.411551565010) *x12 + (-1.701619176699) *x13 + (-0.042756712400) *x14 + (-0.038285155304) *x15 + (0.703045934017) *x16 + (16.975651534025) *x17 + (-0.115788018654) *x18 + (-0.127109026104) *x19 + (3.599544290134) *x20 + (0.001229743857) *x21 + (0.016223661959) *x22 + (-0.010334004980) *x23 + (-0.009342356130) *x24 + (-6.433934989563) *x25 + (0.042639567847) *x26 + (0.132540852847) *x27 + (-0.142338323726) *x28 + (0.000000000000) *u1 + (0.000000000000) *u2 + (0.000000000000) *u3 + (0.000000000000) *u4 + (0.000000000000) *u5 + (0.000000000000) *u6 &amp; 
x26' == (0.000000000000) *x1 + (0.000000000000) *x2 + (0.000000000000) *x3 + (0.000000000000) *x4 + (0.000000000000) *x5 + (0.000000000000) *x6 + (0.000000000000) *x7 + (0.000000000000) *x8 + (-37.001496211974) *x9 + (0.783588795613) *x10 + (-0.183854784348) *x11 + (-11.869599790688) *x12 + (-0.106084318011) *x13 + (-0.026306590251) *x14 + (-0.027118088888) *x15 + (0.036744952758) *x16 + (0.764601503010) *x17 + (7.002366574508) *x18 + (-0.390318898363) *x19 + (-0.642631203146) *x20 + (-0.005701671024) *x21 + (0.003522251111) *x22 + (0.173867535377) *x23 + (0.147911422248) *x24 + (0.056092715216) *x25 + (-6.641979472328) *x26 + (0.039602243105) *x27 + (0.026181724138) *x28 + (0.000000000000) *u1 + (0.000000000000) *u2 + (0.000000000000) *u3 + (0.000000000000) *u4 + (0.000000000000) *u5 + (0.000000000000) *u6 &amp; 
x27' == (0.000000000000) *x1 + (0.000000000000) *x2 + (0.000000000000) *x3 + (0.000000000000) *x4 + (0.000000000000) *x5 + (0.000000000000) *x6 + (0.000000000000) *x7 + (0.000000000000) *x8 + (1.991401999957) *x9 + (13.760045912368) *x10 + (2.530416891130) *x11 + (0.082528789604) *x12 + (0.728264862053) *x13 + (0.023902766734) *x14 + (-0.022896554363) *x15 + (0.015327568208) *x16 + (0.370476566397) *x17 + (-0.412566245022) *x18 + (-6.700945648460) *x19 + (-1.327038338854) *x20 + (-0.227019235965) *x21 + (-0.267482033427) *x22 + (-0.008650986307) *x23 + (-0.003394359441) *x24 + (0.098792645471) *x25 + (0.197714179668) *x26 + (-6.369398456151) *x27 + (-0.011976840769) *x28 + (0.000000000000) *u1 + (0.000000000000) *u2 + (0.000000000000) *u3 + (0.000000000000) *u4 + (0.000000000000) *u5 + (0.000000000000) *u6 &amp; 
x28' == (0.000000000000) *x1 + (0.000000000000) *x2 + (0.000000000000) *x3 + (0.000000000000) *x4 + (0.000000000000) *x5 + (0.000000000000) *x6 + (0.000000000000) *x7 + (0.000000000000) *x8 + (1.965859332057) *x9 + (-3.743127938662) *x10 + (-1.962645156793) *x11 + (0.018929412474) *x12 + (11.145046656101) *x13 + (-0.036001974640) *x14 + (-0.001222148117) *x15 + (0.602488409354) *x16 + (11.639787952728) *x17 + (-0.407672972316) *x18 + (1.507740702165) *x19 + (-12.799953897143) *x20 + (0.005393102236) *x21 + (-0.014208764492) *x22 + (-0.000915158115) *x23 + (-0.000640326416) *x24 + (-0.036535288420) *x25 + (0.012458973237) *x26 + (-0.083125038259) *x27 + (-5.472831842357) *x28 + (0.000000000000) *u1 + (0.000000000000) *u2 + (0.000000000000) *u3 + (0.000000000000) *u4 + (0.000000000000) *u5 + (0.000000000000) *u6</flow>
    </location>
  </component>
  <component id="clock">
    <param name="t" type="real" local="false" d1="1" d2="1" dynamics="any" />
    <location id="1" name="ticking" x="77.0" y="105.0">
      <flow>t'==1</flow>
    </location>
  </component>
  <component id="cycler">
    <param name="t" type="real" local="false" d1="1" d2="1" dynamics="any" />
    <param name="T" type="real" local="false" d1="1" d2="1" dynamics="const" />
    <param name="hop" type="label" local="true" />
    <location id="1" name="idle" x="99.0" y="201.0">
      <invariant>t&lt;=T</invariant>
      <flow>t'==1</flow>
    </location>
    <transition source="1" target="1">
      <label>hop</label>
      <guard>t&gt;=T</guard>
      <assignment>t:=0</assignment>
      <labelposition x="-8.0" y="-62.0" />
    </transition>
  </component>
  <component id="system">
    <param name="x1" type="real" local="false" d1="1" d2="1" dynamics="any" controlled="true" />
    <param name="x2" type="real" local="false" d1="1" d2="1" dynamics="any" controlled="true" />
    <param name="x3" type="real" local="false" d1="1" d2="1" dynamics="any" controlled="true" />
    <param name="x4" type="real" local="false" d1="1" d2="1" dynamics="any" controlled="true" />
    <param name="x5" type="real" local="false" d1="1" d2="1" dynamics="any" controlled="true" />
    <param name="x6" type="real" local="false" d1="1" d2="1" dynamics="any" controlled="true" />
    <param name="x7" type="real" local="false" d1="1" d2="1" dynamics="any" controlled="true" />
    <param name="x8" type="real" local="false" d1="1" d2="1" dynamics="any" controlled="true" />
    <param name="x9" type="real" local="false" d1="1" d2="1" dynamics="any" controlled="true" />
    <param name="x10" type="real" local="false" d1="1" d2="1" dynamics="any" controlled="true" />
    <param name="x11" type="real" local="false" d1="1" d2="1" dynamics="any" controlled="true" />
    <param name="x12" type="real" local="false" d1="1" d2="1" dynamics="any" controlled="true" />
    <param name="x13" type="real" local="false" d1="1" d2="1" dynamics="any" controlled="true" />
    <param name="x14" type="real" local="false" d1="1" d2="1" dynamics="any" controlled="true" />
    <param name="x15" type="real" local="false" d1="1" d2="1" dynamics="any" controlled="true" />
    <param name="x16" type="real" local="false" d1="1" d2="1" dynamics="any" controlled="true" />
    <param name="x17" type="real" local="false" d1="1" d2="1" dynamics="any" controlled="true" />
    <param name="x18" type="real" local="false" d1="1" d2="1" dynamics="any" controlled="true" />
    <param name="x19" type="real" local="false" d1="1" d2="1" dynamics="any" controlled="true" />
    <param name="x20" type="real" local="false" d1="1" d2="1" dynamics="any" controlled="true" />
    <param name="x21" type="real" local="false" d1="1" d2="1" dynamics="any" controlled="true" />
    <param name="x22" type="real" local="false" d1="1" d2="1" dynamics="any" controlled="true" />
    <param name="x23" type="real" local="false" d1="1" d2="1" dynamics="any" controlled="true" />
    <param name="x24" type="real" local="false" d1="1" d2="1" dynamics="any" controlled="true" />
    <param name="x25" type="real" local="false" d1="1" d2="1" dynamics="any" controlled="true" />
    <param name="x26" type="real" local="false" d1="1" d2="1" dynamics="any" controlled="true" />
    <param name="x27" type="real" local="false" d1="1" d2="1" dynamics="any" controlled="true" />
    <param name="x28" type="real" local="false" d1="1" d2="1" dynamics="any" controlled="true" />
    <bind component="Controlled_Heli" as="Heli" x="474.0" y="36.0">
      <map key="x1">x1</map>
      <map key="x2">x2</map>
      <map key="x3">x3</map>
      <map key="x4">x4</map>
      <map key="x5">x5</map>
      <map key="x6">x6</map>
      <map key="x7">x7</map>
      <map key="x8">x8</map>
      <map key="x9">x9</map>
      <map key="x10">x10</map>
      <map key="x11">x11</map>
      <map key="x12">x12</map>
      <map key="x13">x13</map>
      <map key="x14">x14</map>
      <map key="x15">x15</map>
      <map key="x16">x16</map>
      <map key="x17">x17</map>
      <map key="x18">x18</map>
      <map key="x19">x19</map>
      <map key="x20">x20</map>
      <map key="x21">x21</map>
      <map key="x22">x22</map>
      <map key="x23">x23</map>
      <map key="x24">x24</map>
      <map key="x25">x25</map>
      <map key="x26">x26</map>
      <map key="x27">x27</map>
      <map key="x28">x28</map>
      <map key="u1">0</map>
      <map key="u2">0</map>
      <map key="u3">0</map>
      <map key="u4">0</map>
      <map key="u5">0</map>
      <map key="u6">0</map>
    </bind>
  </component>
  <component id="clock_system">
    <param name="x1" type="real" local="false" d1="1" d2="1" dynamics="any" controlled="true" />
    <param name="x2" type="real" local="false" d1="1" d2="1" dynamics="any" controlled="true" />
    <param name="x3" type="real" local="false" d1="1" d2="1" dynamics="any" controlled="true" />
    <param name="x4" type="real" local="false" d1="1" d2="1" dynamics="any" controlled="true" />
    <param name="x5" type="real" local="false" d1="1" d2="1" dynamics="any" controlled="true" />
    <param name="x6" type="real" local="false" d1="1" d2="1" dynamics="any" controlled="true" />
    <param name="x7" type="real" local="false" d1="1" d2="1" dynamics="any" controlled="true" />
    <param name="x8" type="real" local="false" d1="1" d2="1" dynamics="any" controlled="true" />
    <param name="x9" type="real" local="false" d1="1" d2="1" dynamics="any" controlled="true" />
    <param name="x10" type="real" local="false" d1="1" d2="1" dynamics="any" controlled="true" />
    <param name="x11" type="real" local="false" d1="1" d2="1" dynamics="any" controlled="true" />
    <param name="x12" type="real" local="false" d1="1" d2="1" dynamics="any" controlled="true" />
    <param name="x13" type="real" local="false" d1="1" d2="1" dynamics="any" controlled="true" />
    <param name="x14" type="real" local="false" d1="1" d2="1" dynamics="any" controlled="true" />
    <param name="x15" type="real" local="false" d1="1" d2="1" dynamics="any" controlled="true" />
    <param name="x16" type="real" local="false" d1="1" d2="1" dynamics="any" controlled="true" />
    <param name="x17" type="real" local="false" d1="1" d2="1" dynamics="any" controlled="true" />
    <param name="x18" type="real" local="false" d1="1" d2="1" dynamics="any" controlled="true" />
    <param name="x19" type="real" local="false" d1="1" d2="1" dynamics="any" controlled="true" />
    <param name="x20" type="real" local="false" d1="1" d2="1" dynamics="any" controlled="true" />
    <param name="x21" type="real" local="false" d1="1" d2="1" dynamics="any" controlled="true" />
    <param name="x22" type="real" local="false" d1="1" d2="1" dynamics="any" controlled="true" />
    <param name="x23" type="real" local="false" d1="1" d2="1" dynamics="any" controlled="true" />
    <param name="x24" type="real" local="false" d1="1" d2="1" dynamics="any" controlled="true" />
    <param name="x25" type="real" local="false" d1="1" d2="1" dynamics="any" controlled="true" />
    <param name="x26" type="real" local="false" d1="1" d2="1" dynamics="any" controlled="true" />
    <param name="x27" type="real" local="false" d1="1" d2="1" dynamics="any" controlled="true" />
    <param name="x28" type="real" local="false" d1="1" d2="1" dynamics="any" controlled="true" />
    <param name="t" type="real" local="false" d1="1" d2="1" dynamics="any" controlled="true" />
    <bind component="clock" as="clock_1" x="190.0" y="674.0">
      <map key="t">t</map>
    </bind>
    <bind component="system" as="system_1" x="513.0" y="42.0">
      <map key="x1">x1</map>
      <map key="x2">x2</map>
      <map key="x3">x3</map>
      <map key="x4">x4</map>
      <map key="x5">x5</map>
      <map key="x6">x6</map>
      <map key="x7">x7</map>
      <map key="x8">x8</map>
      <map key="x9">x9</map>
      <map key="x10">x10</map>
      <map key="x11">x11</map>
      <map key="x12">x12</map>
      <map key="x13">x13</map>
      <map key="x14">x14</map>
      <map key="x15">x15</map>
      <map key="x16">x16</map>
      <map key="x17">x17</map>
      <map key="x18">x18</map>
      <map key="x19">x19</map>
      <map key="x20">x20</map>
      <map key="x21">x21</map>
      <map key="x22">x22</map>
      <map key="x23">x23</map>
      <map key="x24">x24</map>
      <map key="x25">x25</map>
      <map key="x26">x26</map>
      <map key="x27">x27</map>
      <map key="x28">x28</map>
    </bind>
  </component>
  <component id="stab_system">
    <param name="x1" type="real" local="false" d1="1" d2="1" dynamics="any" controlled="true" />
    <param name="x2" type="real" local="false" d1="1" d2="1" dynamics="any" controlled="true" />
    <param name="x3" type="real" local="false" d1="1" d2="1" dynamics="any" controlled="true" />
    <param name="x4" type="real" local="false" d1="1" d2="1" dynamics="any" controlled="true" />
    <param name="x5" type="real" local="false" d1="1" d2="1" dynamics="any" controlled="true" />
    <param name="x6" type="real" local="false" d1="1" d2="1" dynamics="any" controlled="true" />
    <param name="x7" type="real" local="false" d1="1" d2="1" dynamics="any" controlled="true" />
    <param name="x8" type="real" local="false" d1="1" d2="1" dynamics="any" controlled="true" />
    <param name="x9" type="real" local="false" d1="1" d2="1" dynamics="any" controlled="true" />
    <param name="x10" type="real" local="false" d1="1" d2="1" dynamics="any" controlled="true" />
    <param name="x11" type="real" local="false" d1="1" d2="1" dynamics="any" controlled="true" />
    <param name="x12" type="real" local="false" d1="1" d2="1" dynamics="any" controlled="true" />
    <param name="x13" type="real" local="false" d1="1" d2="1" dynamics="any" controlled="true" />
    <param name="x14" type="real" local="false" d1="1" d2="1" dynamics="any" controlled="true" />
    <param name="x15" type="real" local="false" d1="1" d2="1" dynamics="any" controlled="true" />
    <param name="x16" type="real" local="false" d1="1" d2="1" dynamics="any" controlled="true" />
    <param name="x17" type="real" local="false" d1="1" d2="1" dynamics="any" controlled="true" />
    <param name="x18" type="real" local="false" d1="1" d2="1" dynamics="any" controlled="true" />
    <param name="x19" type="real" local="false" d1="1" d2="1" dynamics="any" controlled="true" />
    <param name="x20" type="real" local="false" d1="1" d2="1" dynamics="any" controlled="true" />
    <param name="x21" type="real" local="false" d1="1" d2="1" dynamics="any" controlled="true" />
    <param name="x22" type="real" local="false" d1="1" d2="1" dynamics="any" controlled="true" />
    <param name="x23" type="real" local="false" d1="1" d2="1" dynamics="any" controlled="true" />
    <param name="x24" type="real" local="false" d1="1" d2="1" dynamics="any" controlled="true" />
    <param name="x25" type="real" local="false" d1="1" d2="1" dynamics="any" controlled="true" />
    <param name="x26" type="real" local="false" d1="1" d2="1" dynamics="any" controlled="true" />
    <param name="x27" type="real" local="false" d1="1" d2="1" dynamics="any" controlled="true" />
    <param name="x28" type="real" local="false" d1="1" d2="1" dynamics="any" controlled="true" />
    <param name="t" type="real" local="false" d1="1" d2="1" dynamics="any" controlled="true" />
    <bind component="system" as="system_1" x="450.0" y="24.0">
      <map key="x1">x1</map>
      <map key="x2">x2</map>
      <map key="x3">x3</map>
      <map key="x4">x4</map>
      <map key="x5">x5</map>
      <map key="x6">x6</map>
      <map key="x7">x7</map>
      <map key="x8">x8</map>
      <map key="x9">x9</map>
      <map key="x10">x10</map>
      <map key="x11">x11</map>
      <map key="x12">x12</map>
      <map key="x13">x13</map>
      <map key="x14">x14</map>
      <map key="x15">x15</map>
      <map key="x16">x16</map>
      <map key="x17">x17</map>
      <map key="x18">x18</map>
      <map key="x19">x19</map>
      <map key="x20">x20</map>
      <map key="x21">x21</map>
      <map key="x22">x22</map>
      <map key="x23">x23</map>
      <map key="x24">x24</map>
      <map key="x25">x25</map>
      <map key="x26">x26</map>
      <map key="x27">x27</map>
      <map key="x28">x28</map>
    </bind>
    <bind component="cycler" as="cycler_1" x="233.0" y="648.0">
      <map key="t">t</map>
      <map key="T">30</map>
    </bind>
  </component>
</sspaceex>

